rs12913832_T,rs1800407_A,rs12896399_T,rs16891982_C,rs1393350_T,rs12203592_T,PBlueEye,PIntermediateEye,PBrownEye,Full_AUC_BlueEye,Full_AUC_IntermediateEye,Full_AUC_BrownEye,Numb_missingSNPs_Eye,Name_missingSNPs_Eye,AUC_Loss_BlueEye,AUC_Loss_IntermediateEye,AUC_Loss_BrownEye
0,NA,0,1,0,1,0.740199146181996,0.133579465318536,0.126221388499468,0.938973644229622,0.736088610355666,0.94607779085541,1,rs1800407_A,0.00216475488834655,0.00861973456192688,0.0047517355569745
